-- REMPLISSAGE TABLE FOURNIS --

INSERT INTO `fournis` (numfou, nomfou, ruefou, posfou, vilfou, confou, satisf) VALUES (120, "GROBRIGAN", "20 RUE DU PAPIER", 92200, "papercity", "Georges", 8)
INSERT INTO `fournis` (numfou, nomfou, ruefou, posfou, vilfou, confou, satisf) VALUES (540, "ECLIPSE", "53 rue laisse flotter les rubans", 78250, "Bugbugville", "Nestor", 7)
INSERT INTO `fournis` (numfou, nomfou, ruefou, posfou, vilfou, confou, satisf) VALUES (8700, "MEDICIS", "120 rue des plantes", 75014, "Paris", "Lison", 0)
INSERT INTO `fournis` (numfou, nomfou, ruefou, posfou, vilfou, confou, satisf) VALUES (9120, "DICOBOL", "11 rue dses sports", 85100, "La ROche sur Uon", "Hercule", 8)
INSERT INTO `fournis` (numfou, nomfou, ruefou, posfou, vilfou, confou, satisf) VALUES (9150, "DEPANPAP", "26 avenue des locomotives", 59987, "Coroncountry", "Pollux", 5)
INSERT INTO `fournis` (numfou, nomfou, ruefou, posfou, vilfou, confou, satisf) VALUES (9180, "HURRYTAPE", "68 boulevard des octets", 4044, "Dumpville", "Track", 0)

-- REMPLISSAGE TABLE ENTCOM --

INSERT INTO `entcom` (numcom, obscom, numfou) VALUES (70010, "", 120) 
INSERT INTO `entcom` (numcom, obscom, numfou) VALUES (70011, "Commande urgente", 540) 
INSERT INTO `entcom` (numcom, obscom, numfou) VALUES (70020, "", 9120) 
INSERT INTO `entcom` (numcom, obscom, numfou) VALUES (70025, "Commande urgente", 9150)
INSERT INTO `entcom` (numcom, obscom, numfou) VALUES (70210, "Commande cadencée", 120)
INSERT INTO `entcom` (numcom, obscom, numfou) VALUES (70250, "Commande cadencée", 8700)
INSERT INTO `entcom` (numcom, obscom, numfou) VALUES (70300, "", 9120) 
INSERT INTO `entcom` (numcom, obscom, numfou) VALUES (70620, "", 540) 
INSERT INTO `entcom` (numcom, obscom, numfou) VALUES (70625, "", 120) 
INSERT INTO `entcom` (numcom, obscom, numfou) VALUES (70629, "", 9180) 

-- REMPLISSAGE TABLE LIGCOM --

INSERT INTO `ligcom` (numcom, numlig, codart, qtecde, priuni, qteliv, derliv) VALUES (70010, 1, "I100", 3000, 470, 3000, "2007-03-15")
INSERT INTO `ligcom` (numcom, numlig, codart, qtecde, priuni, qteliv, derliv) VALUES (70010, 2, "I105", 2000, 485, 2000, "2007-07-05")
INSERT INTO `ligcom` (numcom, numlig, codart, qtecde, priuni, qteliv, derliv) VALUES (70010, 3, "I108", 1000, 680, 1000, "2007-08-20")
INSERT INTO `ligcom` (numcom, numlig, codart, qtecde, priuni, qteliv, derliv) VALUES (70010, 4, "D035", 2000, 40, 250, "2007-02-20")
INSERT INTO `ligcom` (numcom, numlig, codart, qtecde, priuni, qteliv, derliv) VALUES (70010, 5, "P220", 6000, 3500, 6000, "2007-03-31")
INSERT INTO `ligcom` (numcom, numlig, codart, qtecde, priuni, qteliv, derliv) VALUES (70010, 6, "P240", 6000, 2000, 2000, "2007-03-31")
INSERT INTO `ligcom` (numcom, numlig, codart, qtecde, priuni, qteliv, derliv) VALUES (70011, 1, "I105", 1000, 600, 1000, "2007-05-16")
INSERT INTO `ligcom` (numcom, numlig, codart, qtecde, priuni, qteliv, derliv) VALUES (70011, 2, "P220", 10000, 350, 10000, "2007-08-31")
INSERT INTO `ligcom` (numcom, numlig, codart, qtecde, priuni, qteliv, derliv) VALUES (70020, 1, "B001", 200, 140, 0, "2007-12-31")
INSERT INTO `ligcom` (numcom, numlig, codart, qtecde, priuni, qteliv, derliv) VALUES (70020, 2, "B002", 200, 140, 0, "2007-12-31")
INSERT INTO `ligcom` (numcom, numlig, codart, qtecde, priuni, qteliv, derliv) VALUES (70025, 1, "I100", 1000, 590, 1000, "2007-05-15")
INSERT INTO `ligcom` (numcom, numlig, codart, qtecde, priuni, qteliv, derliv) VALUES (70025, 2, "I105", 500, 590, 500, "2007-03-15")
INSERT INTO `ligcom` (numcom, numlig, codart, qtecde, priuni, qteliv, derliv) VALUES (70210, 1, "I100", 1000, 470, 1000, "2007-07-15")
INSERT INTO `ligcom` (numcom, numlig, codart, qtecde, priuni, qteliv, derliv) VALUES (70250, 1, "P230", 15000, 4900, 12000, "2007-12-15")
INSERT INTO `ligcom` (numcom, numlig, codart, qtecde, priuni, qteliv, derliv) VALUES (70250, 2, "P220", 10000, 3350, 10000, "2007-11-10")
INSERT INTO `ligcom` (numcom, numlig, codart, qtecde, priuni, qteliv, derliv) VALUES (70300, 1, "I100", 50, 790, 50, "2007-10-31")
INSERT INTO `ligcom` (numcom, numlig, codart, qtecde, priuni, qteliv, derliv) VALUES (70620, 1, "I105", 200, 600, 200, "2007-11-01")
INSERT INTO `ligcom` (numcom, numlig, codart, qtecde, priuni, qteliv, derliv) VALUES (70625, 1, "I100", 1000, 470, 1000, "2007-10-15")
INSERT INTO `ligcom` (numcom, numlig, codart, qtecde, priuni, qteliv, derliv) VALUES (70625, 2, "P220", 10000, 3500, 10000, "2007-10-31")
INSERT INTO `ligcom` (numcom, numlig, codart, qtecde, priuni, qteliv, derliv) VALUES (70629, 1, "B001", 200, 140, 0, "2007-12-31")
INSERT INTO `ligcom` (numcom, numlig, codart, qtecde, priuni, qteliv, derliv) VALUES (70629, 2, "B002", 200, 140, 0, "2007-12-31")